{
  "repurposed_structures:root": {
    "criteria": {
      "always": "2024-07-20 04:15:10 +0000"
    },
    "done": true
  },
  "minecraft:adventure/adventuring_time": {
    "criteria": {
      "minecraft:forest": "2024-07-20 04:15:10 +0000",
      "minecraft:deep_lukewarm_ocean": "2024-07-20 04:16:42 +0000",
      "minecraft:beach": "2024-07-20 04:15:33 +0000",
      "minecraft:dark_forest": "2024-07-20 04:17:40 +0000",
      "minecraft:river": "2024-07-20 04:17:28 +0000",
      "minecraft:lukewarm_ocean": "2024-07-20 04:17:51 +0000"
    },
    "done": false
  },
  "DataVersion": 2586
}